[{"Links":[{"Status":404,"Relative":true,"LinkUrl":"/bild1404.jpg"}],"Url":"http://www.vizzit.se/h/sv/campaign/","Id":"0"},{"Links":[{"Status":404,"Relative":true,"LinkUrl":"/bild1404.jpg"}],"Url":"http://www.vizzit.se/h/en/campaign/","Id":"0"},{"Links":[{"Status":404,"Relative":true,"LinkUrl":"/bild1404.jpg"}],"Url":"http://www.vizzit.se/h/de/campaign/","Id":"0"},{"Links":[],"Url":"/h/sv/vizzit-kundzon/","Id":"0"},{"Links":[],"Url":"http://www.vizzit.se/h/","Id":"0"},{"Links":[],"Url":"/h/sv/","Id":"0"},{"Links":[],"Url":"/h/sv/produkter/","Id":"0"},{"Links":[],"Url":"/h/sv/webbanalys/","Id":"0"},{"Links":[],"Url":"/h/sv/utbildning/","Id":"0"},{"Links":[],"Url":"/h/sv/cms-integration/","Id":"0"},{"Links":[],"Url":"/h/sv/om-oss/","Id":"0"},{"Links":[],"Url":"/h/sv/lediga-jobb/","Id":"0"},{"Links":[],"Url":"http://www.vizzit.se/h/sv/cookies/","Id":"0"},{"Links":[],"Url":"/h/en/vizzit-kundzon/","Id":"0"},{"Links":[],"Url":"/h/en/","Id":"0"},{"Links":[],"Url":"/h/en/produkter/","Id":"0"},{"Links":[],"Url":"/h/en/webbanalys/","Id":"0"},{"Links":[],"Url":"/h/en/utbildning/","Id":"0"},{"Links":[],"Url":"/h/en/cms-integration/","Id":"0"},{"Links":[],"Url":"/h/en/om-oss/","Id":"0"},{"Links":[],"Url":"http://www.vizzit.se/h/en/cookies/","Id":"0"},{"Links":[],"Url":"/h/de/vizzit-kundzon/","Id":"0"},{"Links":[],"Url":"/h/de/","Id":"0"},{"Links":[],"Url":"/h/de/produkter/","Id":"0"},{"Links":[],"Url":"/h/de/webbanalys/","Id":"0"},{"Links":[],"Url":"/h/de/utbildning/","Id":"0"},{"Links":[],"Url":"/h/de/cms-integration/","Id":"0"},{"Links":[],"Url":"/h/de/om-oss/","Id":"0"},{"Links":[],"Url":"http://www.vizzit.se/h/de/cookies/","Id":"0"}]