[{"Links":[{"Status":404,"Relative":true,"LinkUrl":"/bild1404.jpg"}],"Url":"http://www.vizzit.se/h/sv/campaign/","Id":"0"},{"Links":[{"Status":404,"Relative":true,"LinkUrl":"/bild1404.jpg"}],"Url":"http://www.vizzit.se/h/en/campaign/","Id":"0"},{"Links":[{"Status":404,"Relative":true,"LinkUrl":"/bild1404.jpg"}],"Url":"http://www.vizzit.se/h/de/campaign/","Id":"0"},{"Links":[],"Url":"/h/sv/vizzit-kundzon/","Id":"0"},{"Links":[],"Url":"http://www.vizzit.se/h/","Id":"0"},{"Links":[],"Url":"/h/sv/","Id":"0"},{"Links":[],"Url":"/h/sv/produkter/","Id":"0"},{"Links":[],"Url":"/h/sv/webbanalys/","Id":"0"},{"Links":[],"Url":"/h/sv/utbildning/","Id":"0"},{"Links":[],"Url":"/h/sv/cms-integration/","Id":"0"},{"Links":[],"Url":"/h/sv/om-oss/","Id":"0"},{"Links":[],"Url":"/h/sv/lediga-jobb/","Id":"0"},{"Links":[],"Url":"http://www.vizzit.se/h/sv/cookies/","Id":"0"},{"Links":[],"Url":"/h/en/vizzit-kundzon/","Id":"0"},{"Links":[],"Url":"/h/en/","Id":"0"},{"Links":[],"Url":"/h/en/produkter/","Id":"0"},{"Links":[],"Url":"/h/en/webbanalys/","Id":"0"},{"Links":[],"Url":"/h/en/utbildning/","Id":"0"},{"Links":[],"Url":"/h/en/cms-integration/","Id":"0"},{"Links":[],"Url":"/h/en/om-oss/","Id":"0"},{"Links":[],"Url":"http://www.vizzit.se/h/en/cookies/","Id":"0"},{"Links":[],"Url":"/h/de/vizzit-kundzon/","Id":"0"},{"Links":[],"Url":"/h/de/","Id":"0"},{"Links":[],"Url":"/h/de/produkter/","Id":"0"},{"Links":[],"Url":"/h/de/webbanalys/","Id":"0"},{"Links":[],"Url":"/h/de/utbildning/","Id":"0"},{"Links":[],"Url":"/h/de/cms-integration/","Id":"0"},{"Links":[],"Url":"/h/de/om-oss/","Id":"0"},{"Links":[],"Url":"http://www.vizzit.se/h/de/cookies/","Id":"0"},{"Links":[],"Url":"http://www.vizzit.se/h/sv/insight-slideshow/","Id":"0"},{"Links":[],"Url":"http://www.vizzit.se/h/sv/","Id":"0"},{"Links":[],"Url":"http://www.vizzit.se/h/sv/produkter/","Id":"0"},{"Links":[],"Url":"http://www.vizzit.se/h/sv/produkter/vizzit-broken-links/","Id":"0"},{"Links":[],"Url":"http://www.vizzit.se/h/sv/produkter/insight/","Id":"0"},{"Links":[],"Url":"http://www.vizzit.se/h/sv/produkter/vizzit-v2/","Id":"0"},{"Links":[],"Url":"http://www.vizzit.se/h/sv/produkter/vizzit-webmaster/","Id":"0"},{"Links":[],"Url":"http://www.vizzit.se/h/sv/webbanalys/","Id":"0"},{"Links":[],"Url":"http://www.vizzit.se/h/sv/webbanalys/gar-ni-tankar-pa-att-bygga-om/","Id":"0"},{"Links":[],"Url":"http://www.vizzit.se/h/sv/utbildning/","Id":"0"},{"Links":[],"Url":"http://www.vizzit.se/h/sv/cms-integration/","Id":"0"},{"Links":[],"Url":"http://www.vizzit.se/h/sv/om-oss/","Id":"0"},{"Links":[],"Url":"http://www.vizzit.se/h/sv/om-oss/partners/","Id":"0"},{"Links":[],"Url":"http://www.vizzit.se/h/sv/om-oss/lediga-jobb/","Id":"0"},{"Links":[],"Url":"http://www.vizzit.se/h/sv/om-oss/kontakt/","Id":"0"},{"Links":[],"Url":"http://www.vizzit.se/h/sv/lediga-jobb/","Id":"0"},{"Links":[],"Url":"http://www.vizzit.se/h/sv/vizzit-kundzon/","Id":"0"},{"Links":[],"Url":"http://www.vizzit.se/h/sv/page_id=2091","Id":"0"},{"Links":[],"Url":"http://www.vizzit.se/h/sv/n/test/","Id":"0"}]